id;pais;estado;bairro;rua
1;customized Small Practical;2020-05-21T22:12:11;99969;16667
2;Forward Mountains;2020-05-21T22:29:22;47311;46540
3;solution;2020-05-22T03:44:17;91443;41378
4;Beauty back-end;2020-05-22T13:42:46;89839;81065
5;Chair;2020-05-22T16:39:21;27684;64063
6;Bacon Integration;2020-05-22T01:24:09;47077;20258
7;SQL Cotton dot-com;2020-05-22T01:31:43;75386;56386
8;calculate;2020-05-22T19:21:30;13508;34486
9;Home Loan Account Response deposit;2020-05-22T08:06:28;8695;68468
10;B2C Investment Account Bulgarian Lev;2020-05-22T04:21:53;90154;60392
